<?xml version="1.0" encoding="utf-8"?>
<feed xmlns="http://www.w3.org/2005/Atom"
    xmlns:rdf="http://www.w3.org/1999/02/22-rdf-syntax-ns#"
    xmlns:leap2="http://terms.leapspecs.org/"
    xmlns:categories="http://wiki.leapspecs.org/2A/categories/"
    xmlns:portfolio="https://eportfolio.u-pec.fr/export/leap/3610/1664520794/"
    xmlns:mahara="http://wiki.mahara.org/Developer_Area/Import%2F%2FExport/LEAP_Extensions#"
>
    <leap2:version>http://www.leapspecs.org/2010-07/2A/</leap2:version>
    <id>https://eportfolio.u-pec.fr/export/3610/1664520794</id>
    <title>Mahara Leap2A Export for Shems-Eddine SEDDOUGUI, 30/09/2022 08:53</title>
    <updated>2022-09-30T08:08:14+02:00</updated>
    <generator uri="https://mahara.org/" version="2008122400">Mahara</generator>
    <author>
        <name>Shems-Eddine SEDDOUGUI</name>
        <email>shems-eddine.seddougui@etu.u-pec.fr</email>
        <uri>portfolio:artefactinternal</uri>
    </author>

    <entry>
        <title>Profile page</title>
        <id>portfolio:view30969</id>

        <updated>2022-09-30T08:08:03+02:00</updated>
        <published>2022-09-22T14:02:32+02:00</published>

        <summary type="xhtml"><div xmlns="http://www.w3.org/1999/xhtml"><div>Your profile page is what others see when they click on your name or profile picture.</div></div></summary>

   <subtitle type="xhtml"><div xmlns="http://www.w3.org/1999/xhtml"><div></div></div></subtitle>
        <content type="xhtml"><div xmlns="http://www.w3.org/1999/xhtml"><div><div id="user_block_133056"><div class="bt-image gridstackblock card card-secondary clearfix" id="user_blockinstance_133056">
    
        <div class="block-header d-none">
    
        <a class="commentlink" href="#" title="">
        
            
                <span class="icon icon-plus" title="Commentaires et les détails"></span>
                Ajouter un commentaire
                <span class="bh-margin-left icon icon-search-plus"></span>
                Détails
            
        
        </a>
    
</div>

    
    
    
        
    

    <div class="no-heading block" id="user_blockinstance_133056_target">
        
        
            <div class="imageblock card-body">
    <div class="image">
        
        <a class="modal_link" href="#">
            <img rel="leap2:has_part" href="portfolio:artefact87185" alt="shutterstock_1414297010.jpg" title="shutterstock_1414297010.jpg" />
        </a>
        
    </div>

    
</div>

        
    </div>
</div>
</div><div id="user_block_132785"><div class="bt-profileinfo gridstackblock card card-secondary card-regular clearfix" id="user_blockinstance_132785">
    
    
    
        <h2 class="title card-header js-heading">
            

            <span class="collapse-inline">
                🇬🇧 About me 
                
            </span>

            

        </h2>
    

    <div class="block" id="user_blockinstance_132785_target">
        
        
            
    
    <div class="card-body flush">
    
    
    
        <p>I'm Shems SEDDOUGUI and I'm currently studying networks and telecommunications at a university in Paris. My formation lasts for 2 years. After that I want to become an engineer in cyber security.</p>
    
    
        <ul class="unstyled profile-info">
        
            <li><strong>Prénom:</strong> Shems-Eddine</li>
        
            <li><strong>Nom:</strong> SEDDOUGUI</li>
        
            <li><strong>Adresse de courriel:</strong> <a href="mailto:shems-eddine.seddougui@etu.u-pec.fr">shems-eddine.seddougui@etu.u-pec.fr</a></li>
        
            <li><strong>Ville:</strong> Paris</li>
        
            <li><strong>Pays:</strong> France</li>
        
            <li><strong>Téléphone mobile:</strong> +33782362115</li>
        
        </ul>
    
    
    
    
    </div>
    


        
    </div>
</div>
</div><div id="user_block_133123"><div class="bt-text gridstackblock card card-secondary clearfix" id="user_blockinstance_133123">
    
    
        <div class="block-header quick-edit d-none">
    <a class="modal_link list-group-heading" href="#" title="Édition rapide">
        <span class="icon icon-pencil-alt" title="Édition rapide"></span>
        Édition rapide
    </a>
</div>

    
    
        <h2 class="title card-header js-heading">
            

            <span class="collapse-inline">
                🇫🇷 À propos
                
            </span>

            

        </h2>
    

    <div class="block" id="user_blockinstance_133123_target">
        
        
            

<div class="textblock card-body flush">
<p style="text-align:justify;">Je m'appelle Shems SEDDOUGUI et je suis actuellement en première année de BUT Réseaux et Télécommunications à Paris. Ma formation dure 2 ans. Une fois ma formation obtenue, je souhaite devenir ingénieur en cybbbersécurité.</p>
</div>


        
    </div>
</div>
</div><div id="user_block_133116"><div class="bt-resumefield gridstackblock card card-secondary clearfix" id="user_blockinstance_133116">
    
    
    
        <h2 class="title card-header js-heading">
            

            <span class="collapse-inline">
                Diplômes
                
            </span>

            

        </h2>
    

    <div class="block" id="user_blockinstance_133116_target">
        
        
            
    


<div id="user_certificationlist_5c52" class="list-group list-group-lite list-group-top-border">
    
    <div class="list-group-item flush-collapsible">

        
            <h4 class="list-group-item-heading">
                <a href="#certification-content-301-87170" class="text-left collapsed collapsible">
                    Baccalauréat Général Scientifique
                    <span class="icon icon-chevron-down float-right collapse-indicator"></span>
                </a>
            </h4>
        
        <span class="text-small text-muted">
            2021-2022
        </span>

        <div id="user_certification-content-301-87170" class="collapse resume-content">
            
            <p class="content-text">
                </p><p><strong>Mention AB</strong> - <em>Spécialité Mathématiques Expertes et Physique-Chimie</em></p>
            
            

            
        </div>
    </div>
    
</div>



        
    </div>
</div>
</div><div id="user_block_133910"><div class="bt-resumefield gridstackblock card card-secondary clearfix" id="user_blockinstance_133910">
    
    
    
        <h2 class="title card-header js-heading">
            

            <span class="collapse-inline">
                Lettre de motivation
                
            </span>

            

        </h2>
    

    <div class="block" id="user_blockinstance_133910_target">
        
        
            
    
    <div class="card-body flush">
        <p>SEDDOUGUI Shems                                                                            Paris, le 30 septembre 2022<br />75010 Paris<br />+33782362115<br />contactses@yandex.com</p>
<p>        Madame, Monsieur,</p>
<p style="text-align:justify;">Je suis actuellement étudiant à l'UPEC, en première année de BUT Réseaux et Télécommunications. J'ai choisi le BUT car c'est une formation qui me convient parfaitement. D'une part, car je suis passionné d'informatique depuis que j'ai 6 ans. D'autre part, car j'apprécie particulièrement les matières scientifiques telles que les mathématiques, la cybersécurité, la programmation, l'électronique, le réseau... De plus, j'aimerais devenir ingénieur en cybersécurité et être capable de me développer pleinement dans ce domaine. L'apprentissage de nouvelles langues que j'apprécie me permettront de travailler à l'étranger. Pour le moment, je parle Français, Anglais, Allemand et Arabe. Je suis actuellement en train d'apprendre le russe et j'aimerais en apprendre d'autres. Grâce à l’apprentissage de ces langues, j'aimerais pouvoir pratiquer mon métier à l'étranger et ainsi avoir une connaissance plus large dans mon domaine.</p>
<p style="text-align:justify;">En espérant avoir retenu votre attention de manière favorable, je reste disponible pour vous fournir des renseignements complémentaires ou pour un entretien à votre convenance.</p>
<p style="text-align:justify;">Dans l'attente de votre réponse, je vous prie de recevoir Madame, Monsieur, l'expression de mes salutations les plus sincères.</p>
    </div>




        
    </div>
</div>
</div><div id="user_block_133897"><div class="bt-resumefield gridstackblock card card-secondary clearfix" id="user_blockinstance_133897">
    
    
    
        <h2 class="title card-header js-heading">
            

            <span class="collapse-inline">
                Historique des emplois
                
            </span>

            

        </h2>
    

    <div class="block" id="user_blockinstance_133897_target">
        
        
            
    

<div id="user_employmenthistorylist_10f5" class="list-group list-group-lite list-group-top-border">
    
    <div class="list-group-item flush-collapsible">
        
            <h4 class="list-group-item-heading">
                <a href="#employment-content-668-87933" class="text-left collapsed collapsible">
                    Stagiaire à Virtual Regatta
                    <span class="icon icon-chevron-down float-right collapse-indicator"></span>
                </a>
            </h4>
        

        <span class="text-small text-muted">
            2019
            
        </span>

        <div id="user_employment-content-668-87933" class="collapse resume-content">
            

            
                <span class="text-small text-muted">
                    Adresse : Issy-les-Moulineaux
                </span>
            

            
        </div>
    </div>
    
</div>




        
    </div>
</div>
</div><div id="user_block_133158"><div class="bt-resumefield gridstackblock card card-secondary clearfix" id="user_blockinstance_133158">
    
    
    
        <h2 class="title card-header js-heading">
            

            <span class="collapse-inline">
                Formations
                
            </span>

            

        </h2>
    

    <div class="block" id="user_blockinstance_133158_target">
        
        
            
    

<div id="user_educationhistorylist_f6bb" class="list-group list-group-lite list-group-top-border">
    
    <div class="list-group-item flush-collapsible">
        
            <h3 class="list-group-item-heading">
                <a href="#education-content-896-87172" class="text-left collapsed collapsible">
                    BUT Réseaux et Télécommunications à UPEC
                    <span class="icon icon-chevron-down float-right collapse-indicator"></span>
                </a>
            </h3>
        

        <span class="text-small text-muted">
            2022
             - 2025
        </span>

        <div id="user_education-content-896-87172" class="collapse resume-content">
            

            
                <span class="text-small text-muted">
                    Adresse : 122 Rue Paul Armangot, 94400 Vitry-sur-Seine
                </span>
            

            
        </div>
    </div>
    
    <div class="list-group-item flush-collapsible">
        
            <h3 class="list-group-item-heading">
                <a href="#education-content-894-87172" class="text-left collapsed collapsible">
                    Lycée Charlemagne
                    <span class="icon icon-chevron-down float-right collapse-indicator"></span>
                </a>
            </h3>
        

        <span class="text-small text-muted">
            2019
             - 2022
        </span>

        <div id="user_education-content-894-87172" class="collapse resume-content">
            

            
                <span class="text-small text-muted">
                    Adresse : 14 Rue Charlemagne, 75004 Paris
                </span>
            

            
        </div>
    </div>
    
    <div class="list-group-item flush-collapsible">
        
            <h3 class="list-group-item-heading">
                Collège 
            </h3>
        

        <span class="text-small text-muted">
            2015
             - 2019
        </span>

        <div id="user_education-content-895-87172" class="collapse resume-content">
            

            

            
        </div>
    </div>
    
</div>




        
    </div>
</div>
</div><div id="user_block_133880"><div class="bt-resumefield gridstackblock card card-secondary clearfix" id="user_blockinstance_133880">
    
    
    
        <h2 class="title card-header js-heading">
            

            <span class="collapse-inline">
                Compétences professionnelles
                
            </span>

            

        </h2>
    

    <div class="block" id="user_blockinstance_133880_target">
        
        
            
    <div class="card-body flush">
<ul>
<li>Suite Office Microsoft (Excel, PowerPoint, Word)</li>
<li>Langages Python, JS, PHP, HTML, CSS</li>
<li>Suite Adobe - Retouche Photo/Vidéo (Photoshop/PremierePro/AfterEffects)</li>
</ul>


</div>



        
    </div>
</div>
</div><div id="user_block_133918"><div class="bt-text gridstackblock card card-secondary clearfix" id="user_blockinstance_133918">
    
    
        <div class="block-header quick-edit d-none">
    <a class="modal_link list-group-heading" href="#" title="Édition rapide">
        <span class="icon icon-pencil-alt" title="Édition rapide"></span>
        Édition rapide
    </a>
</div>

    
    
        <h2 class="title card-header js-heading">
            

            <span class="collapse-inline">
                Me contacter
                
            </span>

            

        </h2>
    

    <div class="block" id="user_blockinstance_133918_target">
        
        
            

<div class="textblock card-body flush">
<p>contactses@yandex.com</p>
</div>


        
    </div>
</div>
</div><div id="user_block_133888"><div class="bt-resumefield gridstackblock card card-secondary clearfix" id="user_blockinstance_133888">
    
    
    
        <h2 class="title card-header js-heading">
            

            <span class="collapse-inline">
                Centres d'intérêt
                
            </span>

            

        </h2>
    

    <div class="block" id="user_blockinstance_133888_target">
        
        
            
    
    <div class="card-body flush">
        <ul>
<li>Sport (Natation, Plongée sous-marine, Football...)</li>
<li>Échecs</li>
</ul>
    </div>




        
    </div>
</div>
</div></div></div></content>
        <rdf:type rdf:resource="leap2:selection"/>

        <link rel="leap2:has_part" href="portfolio:artefact87185"/>
        <link rel="leap2:has_part" href="portfolio:artefact87967"/>
        <link rel="leap2:has_part" href="portfolio:artefact87170"/>
        <link rel="leap2:has_part" href="portfolio:artefact86783"/>
        <link rel="leap2:has_part" href="portfolio:artefact86784"/>
        <link rel="leap2:has_part" href="portfolio:artefact86895"/>
        <link rel="leap2:has_part" href="portfolio:artefact86902"/>
        <link rel="leap2:has_part" href="portfolio:artefact86949"/>
        <link rel="leap2:has_part" href="portfolio:artefact87172"/>
        <link rel="leap2:has_part" href="portfolio:artefact87915"/>
        <link rel="leap2:has_part" href="portfolio:artefact87933"/>
        <link rel="leap2:has_part" href="portfolio:artefact87173"/>


        <category term="Webpage" scheme="categories:selection_type#"/>





        <mahara:view mahara:newlayout="1" mahara:type="profile" mahara:ownerformat="6">
        
            
            <mahara:blockinstance mahara:blocktype="image" mahara:blocktitle="" mahara:positionx="0" mahara:positiony="0" mahara:height="37" mahara:width="6">
                
                    
                    <mahara:artefactid>[&quot;portfolio:artefact87185&quot;]</mahara:artefactid>
                    
                
                    
                    <mahara:showdescription>[false]</mahara:showdescription>
                    
                
                    
                    <mahara:width>[&quot;&quot;]</mahara:width>
                    
                
                    
                    <mahara:retractable>[0]</mahara:retractable>
                    
                
                    
                    <mahara:retractedonload>[0]</mahara:retractedonload>
                    
                
                
                
            </mahara:blockinstance>
            
            <mahara:blockinstance mahara:blocktype="profileinfo" mahara:blocktitle="🇬🇧 About me " mahara:positionx="6" mahara:positiony="0" mahara:height="21" mahara:width="6">
                
                    
                    <mahara:fields>[[&quot;firstname&quot;,&quot;lastname&quot;,&quot;country&quot;,&quot;town&quot;,&quot;mobilenumber&quot;]]</mahara:fields>
                    
                
                    
                    <mahara:email>[&quot;shems-eddine.seddougui@etu.u-pec.fr&quot;]</mahara:email>
                    
                
                    
                    <mahara:introtext>[&quot;&lt;p&gt;I&#039;m Shems SEDDOUGUI and I&#039;m currently studying networks and telecommunications at a university in Paris. My formation lasts for 2 years. After that I want to become an engineer in cyber security.&lt;\/p&gt;&quot;]</mahara:introtext>
                    
                
                
                
            </mahara:blockinstance>
            
            <mahara:blockinstance mahara:blocktype="text" mahara:blocktitle="🇫🇷 À propos" mahara:positionx="6" mahara:positiony="21" mahara:height="11" mahara:width="6">
                
                    
                    <mahara:text>[&quot;&lt;p style=\&quot;text-align: justify;\&quot;&gt;Je m&#039;appelle Shems SEDDOUGUI et je suis actuellement en premi&amp;egrave;re ann&amp;eacute;e de BUT R&amp;eacute;seaux et T&amp;eacute;l&amp;eacute;communications &amp;agrave; Paris. Ma formation dure 2 ans. Une fois ma formation obtenue, je souhaite devenir ing&amp;eacute;nieur en cybbbers&amp;eacute;curit&amp;eacute;.&lt;\/p&gt;&quot;]</mahara:text>
                    
                
                    
                    <mahara:instructions></mahara:instructions>
                    
                
                
                
            </mahara:blockinstance>
            
            <mahara:blockinstance mahara:blocktype="resumefield" mahara:blocktitle="Diplômes" mahara:positionx="6" mahara:positiony="32" mahara:height="10" mahara:width="6">
                
                    
                    <mahara:artefacttype>[&quot;certification&quot;]</mahara:artefacttype>
                    
                
                
                
            </mahara:blockinstance>
            
            <mahara:blockinstance mahara:blocktype="resumefield" mahara:blocktitle="Lettre de motivation" mahara:positionx="0" mahara:positiony="37" mahara:height="43" mahara:width="6">
                
                    
                    <mahara:artefacttype>[&quot;coverletter&quot;]</mahara:artefacttype>
                    
                
                
                
            </mahara:blockinstance>
            
            <mahara:blockinstance mahara:blocktype="resumefield" mahara:blocktitle="Historique des emplois" mahara:positionx="6" mahara:positiony="42" mahara:height="10" mahara:width="6">
                
                    
                    <mahara:artefacttype>[&quot;employmenthistory&quot;]</mahara:artefacttype>
                    
                
                
                
            </mahara:blockinstance>
            
            <mahara:blockinstance mahara:blocktype="resumefield" mahara:blocktitle="Formations" mahara:positionx="6" mahara:positiony="52" mahara:height="19" mahara:width="6">
                
                    
                    <mahara:artefacttype>[&quot;educationhistory&quot;]</mahara:artefacttype>
                    
                
                
                
            </mahara:blockinstance>
            
            <mahara:blockinstance mahara:blocktype="resumefield" mahara:blocktitle="Compétences professionnelles" mahara:positionx="6" mahara:positiony="71" mahara:height="12" mahara:width="6">
                
                    
                    <mahara:artefacttype>[&quot;workskill&quot;]</mahara:artefacttype>
                    
                
                
                
            </mahara:blockinstance>
            
            <mahara:blockinstance mahara:blocktype="text" mahara:blocktitle="Me contacter" mahara:positionx="0" mahara:positiony="80" mahara:height="9" mahara:width="6">
                
                    
                    <mahara:text>[&quot;&lt;p&gt;contactses@yandex.com&lt;\/p&gt;&quot;]</mahara:text>
                    
                
                    
                    <mahara:instructions></mahara:instructions>
                    
                
                
                
            </mahara:blockinstance>
            
            <mahara:blockinstance mahara:blocktype="resumefield" mahara:blocktitle="Centres d&#039;intérêt" mahara:positionx="6" mahara:positiony="83" mahara:height="11" mahara:width="6">
                
                    
                    <mahara:artefacttype>[&quot;interest&quot;]</mahara:artefacttype>
                    
                
                
                
            </mahara:blockinstance>
            
        
        </mahara:view>
    </entry>

    <entry>
        <title>Dashboard page</title>
        <id>portfolio:view30970</id>

        <updated>2022-09-22T14:02:19+02:00</updated>
        <published>2022-09-22T14:02:32+02:00</published>

        <summary type="xhtml"><div xmlns="http://www.w3.org/1999/xhtml"><div></div></div></summary>

   <subtitle type="xhtml"><div xmlns="http://www.w3.org/1999/xhtml"><div></div></div></subtitle>
        <content type="xhtml"><div xmlns="http://www.w3.org/1999/xhtml"><div><div id="user_block_132793"><div class="bt-newviews gridstackblock card card-secondary clearfix" id="user_blockinstance_132793">
    
    
    
        <h2 class="title card-header js-heading">
            

            <span class="collapse-inline">
                Portfolios partagés avec moi
                
            </span>

            

        </h2>
    

    <div class="block" id="user_blockinstance_132793_target">
        
        
            
<div class="card-body">
    <p class="lead text-small">Aucunes pages ni collections</p>
</div>


        
    </div>
</div>
</div><div id="user_block_132791"><div class="bt-inbox gridstackblock card card-secondary clearfix" id="user_blockinstance_132791">
    
    
    
        <h2 class="title card-header js-heading">
            

            <span class="collapse-inline">
                Boîte de réception
                
            </span>

            

        </h2>
    

    <div class="block" id="user_blockinstance_132791_target">
        
        
            
    <div id="user_inboxblock" class="inboxblock list-group">
        
        <div class="collapsible list-group-item flush-collapsible">
            
                <h3 class="title list-group-item-heading"><a class="collapsed link-block" href="#message_content_maharamessage_53433">
                    
                        <span class="icon icon-wrench text-default left"></span>
                    
                    <span class="sr-only">Messages système</span>
                    <span class="subject">Nouvelle demande d'ajout à la iste des contacts</span>
                    <span class="icon icon-chevron-down collapse-indicator float-right"></span>
                </a></h3>
            
            <div class="collapse" id="user_message_content_maharamessage_53433">
                
                    <p class="content-text">Hassan Boulouz vous demande de l'ajouter à votre liste de contacts. Vous pouvez accepter cette demande soit en cliquant sur le lien ci-dessous, soit en allant sur la page contenant la liste de vos contacts. La raison qui est accompagne cette demande est :<br />
    Veux-tu être mon ami ? </p>
                    
                        <a href="user/view.php?id=3623" class="text-small">
                            Demandes d'affiliation <span class="icon icon-arrow-right mls icon-sm"></span>
                        </a>
                    
                    
                
            </div>
        </div>
        
        <div class="collapsible list-group-item flush-collapsible">
            
                <h3 class="title list-group-item-heading"><a class="collapsed link-block" href="#message_content_maharamessage_53387">
                    
                        <span class="icon icon-wrench text-default left"></span>
                    
                    <span class="sr-only">Messages système</span>
                    <span class="subject">Demande de rejoindre la liste de contacts acceptée</span>
                    <span class="icon icon-chevron-down collapse-indicator float-right"></span>
                </a></h3>
            
            <div class="collapse" id="user_message_content_maharamessage_53387">
                
                    <p class="content-text">Arthur Paillot a accepté votre demande et a été ajouté à votre liste de contacts</p>
                    
                        <a href="user/view.php?id=3611" class="text-small">
                            Plus... <span class="icon icon-arrow-right mls icon-sm"></span>
                        </a>
                    
                    
                
            </div>
        </div>
        
        <div class="collapsible list-group-item flush-collapsible">
            
                <h3 class="title list-group-item-heading"><a class="collapsed link-block" href="#message_content_maharamessage_53333">
                    
                        <span class="icon icon-wrench text-default left"></span>
                    
                    <span class="sr-only">Messages système</span>
                    <span class="subject">Confirmation d'affiliation à une institution</span>
                    <span class="icon icon-chevron-down collapse-indicator float-right"></span>
                </a></h3>
            
            <div class="collapse" id="user_message_content_maharamessage_53333">
                
                    <p class="content-text">Vous êtes maintenant membre de UPEC.</p>
                    
                    
                
            </div>
        </div>
        
    </div>
    
    


        
    </div>
</div>
</div><div id="user_block_132790"><div class="bt-inbox gridstackblock card card-secondary clearfix" id="user_blockinstance_132790">
    
    
    
        <h2 class="title card-header js-heading">
            

            <span class="collapse-inline">
                Sujets que je suis
                
            </span>

            

        </h2>
    

    <div class="block" id="user_blockinstance_132790_target">
        
        
            
    <div class="card-body">
        <p class="lead text-small">Pas de messages</p>
    </div>


        
    </div>
</div>
</div></div></div></content>
        <rdf:type rdf:resource="leap2:selection"/>



        <category term="Webpage" scheme="categories:selection_type#"/>





        <mahara:view mahara:newlayout="1" mahara:type="dashboard" mahara:ownerformat="6">
        
            
            <mahara:blockinstance mahara:blocktype="newviews" mahara:blocktitle="" mahara:positionx="0" mahara:positiony="0" mahara:height="9" mahara:width="6">
                
                    
                    <mahara:limit>[5]</mahara:limit>
                    
                
                    
                    <mahara:user>[1]</mahara:user>
                    
                
                    
                    <mahara:friend>[1]</mahara:friend>
                    
                
                    
                    <mahara:group>[1]</mahara:group>
                    
                
                
                
            </mahara:blockinstance>
            
            <mahara:blockinstance mahara:blocktype="inbox" mahara:blocktitle="" mahara:positionx="6" mahara:positiony="0" mahara:height="8" mahara:width="6">
                
                    
                    <mahara:feedback>[true]</mahara:feedback>
                    
                
                    
                    <mahara:groupmessage>[true]</mahara:groupmessage>
                    
                
                    
                    <mahara:institutionmessage>[true]</mahara:institutionmessage>
                    
                
                    
                    <mahara:maharamessage>[true]</mahara:maharamessage>
                    
                
                    
                    <mahara:usermessage>[true]</mahara:usermessage>
                    
                
                    
                    <mahara:viewaccess>[true]</mahara:viewaccess>
                    
                
                    
                    <mahara:watchlist>[true]</mahara:watchlist>
                    
                
                    
                    <mahara:maxitems>[&quot;5&quot;]</mahara:maxitems>
                    
                
                    
                    <mahara:wallpost>[true]</mahara:wallpost>
                    
                
                
                
            </mahara:blockinstance>
            
            <mahara:blockinstance mahara:blocktype="inbox" mahara:blocktitle="" mahara:positionx="6" mahara:positiony="8" mahara:height="9" mahara:width="6">
                
                    
                    <mahara:newpost>[true]</mahara:newpost>
                    
                
                    
                    <mahara:maxitems>[&quot;5&quot;]</mahara:maxitems>
                    
                
                
                
            </mahara:blockinstance>
            
        
        </mahara:view>
    </entry>

    <entry>
        <title>Découverte de Mahara</title>
        <id>portfolio:view31021</id>

        <updated>2022-09-22T14:02:20+02:00</updated>
        <published>2022-09-22T14:02:20+02:00</published>

        <summary type="xhtml"><div xmlns="http://www.w3.org/1999/xhtml"><div>Mes premiers pas sur Mahara</div></div></summary>

   <subtitle type="xhtml"><div xmlns="http://www.w3.org/1999/xhtml"><div></div></div></subtitle>
        <content type="xhtml"><div xmlns="http://www.w3.org/1999/xhtml"><div><div id="user_block_133007"><div class="bt-image gridstackblock card card-secondary clearfix" id="user_blockinstance_133007">
    
        <div class="block-header d-none">
    
        <a class="commentlink" href="#" title="">
        
            
                <span class="icon icon-plus" title="Commentaires et les détails"></span>
                Ajouter un commentaire
                <span class="bh-margin-left icon icon-search-plus"></span>
                Détails
            
        
        </a>
    
</div>

    
    
    
        <h2 class="title card-header js-heading">
            

            <span class="collapse-inline">
                Mahara
                
            </span>

            

        </h2>
    

    <div class="block" id="user_blockinstance_133007_target">
        
        
            <div class="imageblock card-body">
    <div class="image">
        
        <a class="modal_link" href="#">
            <img rel="leap2:has_part" href="portfolio:artefact87092" alt="2560px-Mahara_logo.svg.png" title="2560px-Mahara_logo.svg.png" />
        </a>
        
    </div>

    
</div>

        
    </div>
</div>
</div><div id="user_block_132991"><div class="bt-text gridstackblock card card-secondary clearfix" id="user_blockinstance_132991">
    
    
        <div class="block-header quick-edit d-none">
    <a class="modal_link list-group-heading" href="#" title="Édition rapide">
        <span class="icon icon-pencil-alt" title="Édition rapide"></span>
        Édition rapide
    </a>
</div>

    
    
        <h2 class="title card-header js-heading">
            

            <span class="collapse-inline">
                Application Mahara
                
            </span>

            

        </h2>
    

    <div class="block" id="user_blockinstance_132991_target">
        
        
            

<div class="textblock card-body flush">
<p>Mahara est une application web open source de ePortfolio et de réseautage social. Il fournit aux utilisateurs des outils de création et de maintenance de ePortfolio pour leur apprentissage et des fonctions de réseautage social pour leur permettre d’interagir avec d'autres utilisateurs.</p>
</div>


        
    </div>
</div>
</div></div></div></content>
        <rdf:type rdf:resource="leap2:selection"/>

        <link rel="leap2:has_part" href="portfolio:artefact87092"/>


        <category term="Webpage" scheme="categories:selection_type#"/>





        <mahara:view mahara:newlayout="1" mahara:type="portfolio" mahara:ownerformat="6">
        
            
            <mahara:blockinstance mahara:blocktype="image" mahara:blocktitle="Mahara" mahara:positionx="0" mahara:positiony="0" mahara:height="16" mahara:width="4">
                
                    
                    <mahara:artefactid>[&quot;portfolio:artefact87092&quot;]</mahara:artefactid>
                    
                
                    
                    <mahara:showdescription>[false]</mahara:showdescription>
                    
                
                    
                    <mahara:width>[&quot;&quot;]</mahara:width>
                    
                
                    
                    <mahara:retractable>[0]</mahara:retractable>
                    
                
                    
                    <mahara:retractedonload>[0]</mahara:retractedonload>
                    
                
                
                
            </mahara:blockinstance>
            
            <mahara:blockinstance mahara:blocktype="text" mahara:blocktitle="Application Mahara" mahara:positionx="4" mahara:positiony="0" mahara:height="16" mahara:width="5">
                
                    
                    <mahara:text>[&quot;&lt;p&gt;Mahara est une application web open source de ePortfolio et de r&amp;eacute;seautage social. Il fournit aux utilisateurs des outils de cr&amp;eacute;ation et de maintenance de ePortfolio pour leur apprentissage et des fonctions de r&amp;eacute;seautage social pour leur permettre d&amp;rsquo;interagir avec d&#039;autres utilisateurs.&lt;\/p&gt;&quot;]</mahara:text>
                    
                
                    
                    <mahara:instructions></mahara:instructions>
                    
                
                
                
            </mahara:blockinstance>
            
        
        </mahara:view>
    </entry>

    <entry>
        <title>CV</title>
        <id>portfolio:view31047</id>

        <updated>2022-09-23T14:02:26+02:00</updated>
        <published>2022-09-23T14:02:48+02:00</published>

        <summary type="xhtml"><div xmlns="http://www.w3.org/1999/xhtml"><div></div></div></summary>

   <subtitle type="xhtml"><div xmlns="http://www.w3.org/1999/xhtml"><div></div></div></subtitle>
        <content type="xhtml"><div xmlns="http://www.w3.org/1999/xhtml"><div></div></div></content>
        <rdf:type rdf:resource="leap2:selection"/>



        <category term="Webpage" scheme="categories:selection_type#"/>





        <mahara:view mahara:newlayout="1" mahara:type="portfolio" mahara:ownerformat="6">
        
            
        
        </mahara:view>
    </entry>

    <entry>
        <title>Journal de Shems-Eddine Seddougui</title>
        <id>portfolio:artefact86787</id>

        <updated>2022-09-22T14:02:32+02:00</updated>
        <published>2022-09-22T14:02:32+02:00</published>




        <content type="xhtml"><div xmlns="http://www.w3.org/1999/xhtml"><div></div></div></content>
        <rdf:type rdf:resource="leap2:selection"/>
        <mahara:artefactplugin mahara:type="blog" mahara:plugin="blog"/>


        <category term="Blog" scheme="categories:selection_type#"/>




    </entry>


    <entry>
        <title>Images de couverture</title>
        <id>portfolio:artefact87022</id>

        <updated>2022-09-22T14:02:20+02:00</updated>
        <published>2022-09-22T14:02:20+02:00</published>




        <content></content>
        <rdf:type rdf:resource="leap2:selection"/>
        <mahara:artefactplugin mahara:type="folder" mahara:plugin="file"/>


        <category term="Folder" scheme="categories:selection_type#"/>




    </entry>


    <entry>
        <title>photos-oui-oui-1.jpg</title>
        <id>portfolio:artefact87057</id>

        <updated>2022-09-22T14:02:45+02:00</updated>
        <published>2022-09-22T14:02:45+02:00</published>




        <content type="xhtml"><div xmlns="http://www.w3.org/1999/xhtml"><div></div></div></content>
        <rdf:type rdf:resource="leap2:resource"/>
        <mahara:artefactplugin mahara:type="image" mahara:plugin="file"/>
        <link rel="enclosure" type="image/jpeg" href="export_info/files/87057-photos-oui-oui-1.jpg"/>


        <category term="Offline" scheme="categories:resource_type#" label="File"/>




    </entry>


    <entry>
        <title>photos-oui-oui-1.jpg.1</title>
        <id>portfolio:artefact87065</id>

        <updated>2022-09-22T14:02:36+02:00</updated>
        <published>2022-09-22T14:02:36+02:00</published>




        <content type="xhtml"><div xmlns="http://www.w3.org/1999/xhtml"><div></div></div></content>
        <rdf:type rdf:resource="leap2:resource"/>
        <mahara:artefactplugin mahara:type="image" mahara:plugin="file"/>
        <link rel="enclosure" type="image/jpeg" href="export_info/files/87065-photos-oui-oui-1.jpg.1"/>


        <category term="Offline" scheme="categories:resource_type#" label="File"/>




    </entry>


    <entry>
        <title>mahara.png</title>
        <id>portfolio:artefact87088</id>

        <updated>2022-09-22T14:02:56+02:00</updated>
        <published>2022-09-22T14:02:56+02:00</published>




        <content type="xhtml"><div xmlns="http://www.w3.org/1999/xhtml"><div></div></div></content>
        <rdf:type rdf:resource="leap2:resource"/>
        <mahara:artefactplugin mahara:type="image" mahara:plugin="file"/>
        <link rel="enclosure" type="image/png" href="export_info/files/87088-mahara.png"/>


        <category term="Offline" scheme="categories:resource_type#" label="File"/>




    </entry>


    <entry>
        <title>2560px-Mahara_logo.svg.png</title>
        <id>portfolio:artefact87092</id>

        <updated>2022-09-22T14:02:19+02:00</updated>
        <published>2022-09-22T14:02:19+02:00</published>




        <content type="xhtml"><div xmlns="http://www.w3.org/1999/xhtml"><div></div></div></content>
        <rdf:type rdf:resource="leap2:resource"/>
        <mahara:artefactplugin mahara:type="image" mahara:plugin="file"/>
        <link rel="enclosure" type="image/png" href="export_info/files/87092-2560px-Mahara_logo.svg.png"/>
        <link rel="leap2:is_part_of" href="portfolio:view31021"/>


        <category term="Offline" scheme="categories:resource_type#" label="File"/>




    </entry>


    <entry>
        <title>f2c247b86a4880187ef9b59e7b21b136.jpg</title>
        <id>portfolio:artefact87131</id>

        <updated>2022-09-22T15:03:55+02:00</updated>
        <published>2022-09-22T15:03:55+02:00</published>




        <content type="xhtml"><div xmlns="http://www.w3.org/1999/xhtml"><div></div></div></content>
        <rdf:type rdf:resource="leap2:resource"/>
        <mahara:artefactplugin mahara:type="image" mahara:plugin="file"/>
        <link rel="enclosure" type="image/jpeg" href="export_info/files/87131-f2c247b86a4880187ef9b59e7b21b136.jpg"/>


        <category term="Offline" scheme="categories:resource_type#" label="File"/>




    </entry>


    <entry>
        <title>Certifications, accréditations et prix obtenus</title>
        <id>portfolio:artefact87170</id>

        <updated>2022-09-23T14:02:13+02:00</updated>
        <published>2022-09-23T14:02:17+02:00</published>




        <content></content>
        <rdf:type rdf:resource="leap2:selection"/>
        <mahara:artefactplugin mahara:type="certification" mahara:plugin="resume"/>
        <link rel="leap2:has_part" href="portfolio:resumecomposite-87170-child-301" leap2:display_order="1"/>


        <category term="Grouping" scheme="categories:selection_type#"/>




    </entry>


    <entry>
        <title>Baccalauréat Général Scientifique</title>
        <id>portfolio:resumecomposite-87170-child-301</id>

        <updated>2022-09-23T14:02:13+02:00</updated>





        <content>&lt;p&gt;&lt;strong&gt;Mention AB&lt;/strong&gt; - &lt;em&gt;Sp&amp;eacute;cialit&amp;eacute; Math&amp;eacute;matiques Expertes et Physique-Chimie&lt;/em&gt;&lt;/p&gt;</content>
        <rdf:type rdf:resource="leap2:achievement"/>
        <mahara:artefactplugin mahara:type="pseudo:certification" mahara:plugin="resume"/>
        <link rel="leap2:is_part_of" href="portfolio:artefact87170" leap2:display_order="1"/>









        <leap2:date leap2:point="end" leap2:label="2021-2022"></leap2:date>

    </entry>

    <entry>
        <title>Historique de formation</title>
        <id>portfolio:artefact87172</id>

        <updated>2022-09-23T15:03:57+02:00</updated>
        <published>2022-09-23T14:02:20+02:00</published>




        <content></content>
        <rdf:type rdf:resource="leap2:selection"/>
        <mahara:artefactplugin mahara:type="educationhistory" mahara:plugin="resume"/>
        <link rel="leap2:has_part" href="portfolio:resumecomposite-87172-child-896" leap2:display_order="1"/>
        <link rel="leap2:has_part" href="portfolio:resumecomposite-87172-child-894" leap2:display_order="2"/>
        <link rel="leap2:has_part" href="portfolio:resumecomposite-87172-child-895" leap2:display_order="3"/>


        <category term="Grouping" scheme="categories:selection_type#"/>




    </entry>


    <entry>
        <title>BUT Réseaux et Télécommunications</title>
        <id>portfolio:resumecomposite-87172-child-896</id>

        <updated>2022-09-23T15:03:57+02:00</updated>





        <content></content>
        <rdf:type rdf:resource="leap2:activity"/>
        <mahara:artefactplugin mahara:type="pseudo:educationhistory" mahara:plugin="resume"/>
        <link rel="leap2:is_part_of" href="portfolio:artefact87172" leap2:display_order="1"/>
        <link rel="leap2:supported_by" href="portfolio:resumesibling-87172-sibling-896-rel-supports"/>
        <link rel="leap2:supports" href="portfolio:resumesibling-87172-sibling-896-rel-supported_by"/>


        <category term="Education" scheme="categories:life_area#"/>






        <leap2:date leap2:point="start" leap2:label="2022"></leap2:date>

        <leap2:date leap2:point="end" leap2:label="2025"></leap2:date>

    </entry>

    <entry>
        <title>UPEC</title>
        <id>portfolio:resumesibling-87172-sibling-896-rel-supports</id>

        <updated>2022-09-23T15:03:57+02:00</updated>





        <content></content>
        <rdf:type rdf:resource="leap2:organization"/>
        <mahara:artefactplugin mahara:type="pseudo:educationhistory" mahara:plugin="resume"/>
        <link rel="leap2:supports" href="portfolio:resumecomposite-87172-child-896"/>










    </entry>

    <entry>
        <title></title>
        <id>portfolio:resumesibling-87172-sibling-896-rel-supported_by</id>

        <updated>2022-09-23T15:03:57+02:00</updated>





        <content>BUT Réseaux et Télécommunications</content>
        <rdf:type rdf:resource="leap2:achievement"/>
        <mahara:artefactplugin mahara:type="pseudo:educationhistory" mahara:plugin="resume"/>
        <link rel="leap2:supported_by" href="portfolio:resumecomposite-87172-child-896"/>










    </entry>

    <entry>
        <title></title>
        <id>portfolio:resumecomposite-87172-child-894</id>

        <updated>2022-09-23T15:03:57+02:00</updated>





        <content></content>
        <rdf:type rdf:resource="leap2:activity"/>
        <mahara:artefactplugin mahara:type="pseudo:educationhistory" mahara:plugin="resume"/>
        <link rel="leap2:is_part_of" href="portfolio:artefact87172" leap2:display_order="2"/>
        <link rel="leap2:supported_by" href="portfolio:resumesibling-87172-sibling-894-rel-supports"/>
        <link rel="leap2:supports" href="portfolio:resumesibling-87172-sibling-894-rel-supported_by"/>


        <category term="Education" scheme="categories:life_area#"/>






        <leap2:date leap2:point="start" leap2:label="2019"></leap2:date>

        <leap2:date leap2:point="end" leap2:label="2022"></leap2:date>

    </entry>

    <entry>
        <title>Lycée Charlemagne</title>
        <id>portfolio:resumesibling-87172-sibling-894-rel-supports</id>

        <updated>2022-09-23T15:03:57+02:00</updated>





        <content></content>
        <rdf:type rdf:resource="leap2:organization"/>
        <mahara:artefactplugin mahara:type="pseudo:educationhistory" mahara:plugin="resume"/>
        <link rel="leap2:supports" href="portfolio:resumecomposite-87172-child-894"/>










    </entry>

    <entry>
        <title></title>
        <id>portfolio:resumesibling-87172-sibling-894-rel-supported_by</id>

        <updated>2022-09-23T15:03:57+02:00</updated>





        <content></content>
        <rdf:type rdf:resource="leap2:achievement"/>
        <mahara:artefactplugin mahara:type="pseudo:educationhistory" mahara:plugin="resume"/>
        <link rel="leap2:supported_by" href="portfolio:resumecomposite-87172-child-894"/>










    </entry>

    <entry>
        <title></title>
        <id>portfolio:resumecomposite-87172-child-895</id>

        <updated>2022-09-23T15:03:57+02:00</updated>





        <content></content>
        <rdf:type rdf:resource="leap2:activity"/>
        <mahara:artefactplugin mahara:type="pseudo:educationhistory" mahara:plugin="resume"/>
        <link rel="leap2:is_part_of" href="portfolio:artefact87172" leap2:display_order="3"/>
        <link rel="leap2:supported_by" href="portfolio:resumesibling-87172-sibling-895-rel-supports"/>
        <link rel="leap2:supports" href="portfolio:resumesibling-87172-sibling-895-rel-supported_by"/>


        <category term="Education" scheme="categories:life_area#"/>






        <leap2:date leap2:point="start" leap2:label="2015"></leap2:date>

        <leap2:date leap2:point="end" leap2:label="2019"></leap2:date>

    </entry>

    <entry>
        <title>Collège </title>
        <id>portfolio:resumesibling-87172-sibling-895-rel-supports</id>

        <updated>2022-09-23T15:03:57+02:00</updated>





        <content></content>
        <rdf:type rdf:resource="leap2:organization"/>
        <mahara:artefactplugin mahara:type="pseudo:educationhistory" mahara:plugin="resume"/>
        <link rel="leap2:supports" href="portfolio:resumecomposite-87172-child-895"/>










    </entry>

    <entry>
        <title></title>
        <id>portfolio:resumesibling-87172-sibling-895-rel-supported_by</id>

        <updated>2022-09-23T15:03:57+02:00</updated>





        <content></content>
        <rdf:type rdf:resource="leap2:achievement"/>
        <mahara:artefactplugin mahara:type="pseudo:educationhistory" mahara:plugin="resume"/>
        <link rel="leap2:supported_by" href="portfolio:resumecomposite-87172-child-895"/>










    </entry>

    <entry>
        <title>Centres d&#039;intérêt</title>
        <id>portfolio:artefact87173</id>

        <updated>2022-09-30T08:08:36+02:00</updated>
        <published>2022-09-23T14:02:20+02:00</published>




        <content type="xhtml"><div xmlns="http://www.w3.org/1999/xhtml"><div><ul>
<li>Sport (Natation, Plongée sous-marine, Football...)</li>
<li>Échecs</li>
</ul></div></div></content>
        <rdf:type rdf:resource="leap2:entry"/>
        <mahara:artefactplugin mahara:type="interest" mahara:plugin="resume"/>
        <link rel="leap2:is_part_of" href="portfolio:view30969"/>






    </entry>


    <entry>
        <title>shutterstock_1414297010.jpg</title>
        <id>portfolio:artefact87185</id>

        <updated>2022-09-23T14:02:57+02:00</updated>
        <published>2022-09-23T14:02:57+02:00</published>




        <content type="xhtml"><div xmlns="http://www.w3.org/1999/xhtml"><div></div></div></content>
        <rdf:type rdf:resource="leap2:resource"/>
        <mahara:artefactplugin mahara:type="image" mahara:plugin="file"/>
        <link rel="enclosure" type="image/jpeg" href="export_info/files/87185-shutterstock_1414297010.jpg"/>
        <link rel="leap2:is_part_of" href="portfolio:view30969"/>


        <category term="Offline" scheme="categories:resource_type#" label="File"/>




    </entry>


    <entry>
        <title>Compétences professionnelles</title>
        <id>portfolio:artefact87915</id>

        <updated>2022-09-30T08:08:34+02:00</updated>
        <published>2022-09-30T08:08:55+02:00</published>




        <content type="xhtml"><div xmlns="http://www.w3.org/1999/xhtml"><div><ul>
<li>Suite Office Microsoft (Excel, PowerPoint, Word)</li>
<li>Langages Python, JS, PHP, HTML, CSS</li>
<li>Suite Adobe - Retouche Photo/Vidéo (Photoshop/PremierePro/AfterEffects)</li>
</ul></div></div></content>
        <rdf:type rdf:resource="leap2:ability"/>
        <mahara:artefactplugin mahara:type="workskill" mahara:plugin="resume"/>
        <link rel="leap2:is_part_of" href="portfolio:view30969"/>






    </entry>


    <entry>
        <title>Compétences académiques</title>
        <id>portfolio:artefact87921</id>

        <updated>2022-09-30T08:08:02+02:00</updated>
        <published>2022-09-30T08:08:02+02:00</published>




        <content type="xhtml"><div xmlns="http://www.w3.org/1999/xhtml"><div></div></div></content>
        <rdf:type rdf:resource="leap2:ability"/>
        <mahara:artefactplugin mahara:type="academicskill" mahara:plugin="resume"/>






    </entry>


    <entry>
        <title>Historique des emplois</title>
        <id>portfolio:artefact87933</id>

        <updated>2022-09-30T08:08:48+02:00</updated>
        <published>2022-09-30T08:08:17+02:00</published>




        <content></content>
        <rdf:type rdf:resource="leap2:selection"/>
        <mahara:artefactplugin mahara:type="employmenthistory" mahara:plugin="resume"/>
        <link rel="leap2:has_part" href="portfolio:resumecomposite-87933-child-668" leap2:display_order="1"/>


        <category term="Grouping" scheme="categories:selection_type#"/>




    </entry>


    <entry>
        <title>Stagiaire</title>
        <id>portfolio:resumecomposite-87933-child-668</id>

        <updated>2022-09-30T08:08:48+02:00</updated>





        <content></content>
        <rdf:type rdf:resource="leap2:activity"/>
        <mahara:artefactplugin mahara:type="pseudo:employmenthistory" mahara:plugin="resume"/>
        <link rel="leap2:is_part_of" href="portfolio:artefact87933" leap2:display_order="1"/>
        <link rel="leap2:supported_by" href="portfolio:resumesibling-87933-sibling-668-rel-supports"/>


        <category term="Work" scheme="categories:life_area#"/>






        <leap2:date leap2:point="start" leap2:label="2019"></leap2:date>


    </entry>

    <entry>
        <title>Virtual Regatta</title>
        <id>portfolio:resumesibling-87933-sibling-668-rel-supports</id>

        <updated>2022-09-30T08:08:48+02:00</updated>





        <content></content>
        <rdf:type rdf:resource="leap2:organization"/>
        <mahara:artefactplugin mahara:type="pseudo:employmenthistory" mahara:plugin="resume"/>
        <link rel="leap2:supports" href="portfolio:resumecomposite-87933-child-668"/>










    </entry>

    <entry>
        <title>Objectifs académiques</title>
        <id>portfolio:artefact87938</id>

        <updated>2022-09-30T08:08:07+02:00</updated>
        <published>2022-09-30T08:08:48+02:00</published>




        <content type="xhtml"><div xmlns="http://www.w3.org/1999/xhtml"><div><p>Obtenir mon <strong>BUT Réseaux et Télécommunications</strong></p></div></div></content>
        <rdf:type rdf:resource="leap2:entry"/>
        <mahara:artefactplugin mahara:type="academicgoal" mahara:plugin="resume"/>






    </entry>


    <entry>
        <title>Lettre de motivation</title>
        <id>portfolio:artefact87967</id>

        <updated>2022-09-30T08:08:47+02:00</updated>
        <published>2022-09-30T08:08:22+02:00</published>




        <content type="xhtml"><div xmlns="http://www.w3.org/1999/xhtml"><div><p>SEDDOUGUI Shems                                                                            Paris, le 30 septembre 2022<br />75010 Paris<br />+33782362115<br />contactses@yandex.com</p>
<p>        Madame, Monsieur,</p>
<p style="text-align:justify;">Je suis actuellement étudiant à l'UPEC, en première année de BUT Réseaux et Télécommunications. J'ai choisi le BUT car c'est une formation qui me convient parfaitement. D'une part, car je suis passionné d'informatique depuis que j'ai 6 ans. D'autre part, car j'apprécie particulièrement les matières scientifiques telles que les mathématiques, la cybersécurité, la programmation, l'électronique, le réseau... De plus, j'aimerais devenir ingénieur en cybersécurité et être capable de me développer pleinement dans ce domaine. L'apprentissage de nouvelles langues que j'apprécie me permettront de travailler à l'étranger. Pour le moment, je parle Français, Anglais, Allemand et Arabe. Je suis actuellement en train d'apprendre le russe et j'aimerais en apprendre d'autres. Grâce à l’apprentissage de ces langues, j'aimerais pouvoir pratiquer mon métier à l'étranger et ainsi avoir une connaissance plus large dans mon domaine.</p>
<p style="text-align:justify;">En espérant avoir retenu votre attention de manière favorable, je reste disponible pour vous fournir des renseignements complémentaires ou pour un entretien à votre convenance.</p>
<p style="text-align:justify;">Dans l'attente de votre réponse, je vous prie de recevoir Madame, Monsieur, l'expression de mes salutations les plus sincères.</p></div></div></content>
        <rdf:type rdf:resource="leap2:entry"/>
        <mahara:artefactplugin mahara:type="coverletter" mahara:plugin="resume"/>
        <link rel="leap2:is_part_of" href="portfolio:view30969"/>






    </entry>


    <entry>
        <title>Shems-Eddine Seddougui</title>
        <id>portfolio:artefactinternal</id>

        <updated>2022-09-23T14:02:31+02:00</updated>





        <content type="html"></content>
        <rdf:type rdf:resource="leap2:person"/>
        <mahara:artefactplugin mahara:type="internal" mahara:plugin="internal"/>


        <category term="Self" scheme="categories:person_type#"/>






        <leap2:persondata
            mahara:artefactplugin="internal"
            mahara:artefacttype="email"

            leap2:field="email"

            leap2:label="Adresse de courriel"

        >shems-eddine.seddougui@etu.u-pec.fr</leap2:persondata>

        <leap2:persondata
            mahara:artefactplugin="internal"
            mahara:artefacttype="email"

            leap2:field="email"

            leap2:label="Adresse de courriel"

        >contactses@yandex.com</leap2:persondata>

        <leap2:persondata
            mahara:artefactplugin="internal"
            mahara:artefacttype="firstname"

            leap2:field="legal_given_name"

            leap2:label="Prénom"

        >Shems-Eddine</leap2:persondata>

        <leap2:persondata
            mahara:artefactplugin="internal"
            mahara:artefacttype="lastname"

            leap2:field="legal_family_name"

            leap2:label="Nom"

        >SEDDOUGUI</leap2:persondata>

        <leap2:persondata
            mahara:artefactplugin="internal"
            mahara:artefacttype="mobilenumber"

            leap2:field="mobile"

            leap2:label="Téléphone mobile"

        >+33782362115</leap2:persondata>

        <leap2:persondata
            mahara:artefactplugin="internal"
            mahara:artefacttype="preferredname"

            leap2:field="preferred_given_name"

            leap2:label="Nom préféré"

        >Shems-Eddine Seddougui</leap2:persondata>

        <leap2:persondata
            mahara:artefactplugin="internal"
            mahara:artefacttype="socialprofile"

            leap2:field="website"

            leap2:label="Messagerie"

        >shems-eddine.seddougui@etu.u-pec.fr</leap2:persondata>

        <leap2:persondata
            mahara:artefactplugin="internal"
            mahara:artefacttype="studentid"

            leap2:field="other"

            leap2:label="Identifiant étudiant"

        >u32207277</leap2:persondata>

        <leap2:persondata
            mahara:artefactplugin="resume"
            mahara:artefacttype="personalinformation/dateofbirth"

            leap2:field="dob"

            leap2:label="Date de naissance"

        >2005-04-21T00:12:00+02:00</leap2:persondata>

        <leap2:persondata
            mahara:artefactplugin="resume"
            mahara:artefacttype="personalinformation/placeofbirth"

            leap2:field="other" mahara:field="placeofbirth"

            leap2:label="Lieu de naissance"

        >Paris</leap2:persondata>

        <leap2:persondata
            mahara:artefactplugin="resume"
            mahara:artefacttype="personalinformation/gender"

            leap2:field="gender"

            leap2:label="[[gender/artefact.resume]]"

        >1</leap2:persondata>


        <leap2:spatial>

            <leap2:addressline mahara:artefacttype="city">Île de France</leap2:addressline>

            <leap2:country mahara:artefacttype="country" leap2:countrycode="fra">France</leap2:country>

            <leap2:addressline mahara:artefacttype="town">Paris</leap2:addressline>

        </leap2:spatial>

    </entry>

</feed>
