<?xml version="1.0" encoding="utf-8"?>
<feed xmlns="http://www.w3.org/2005/Atom"
    xmlns:rdf="http://www.w3.org/1999/02/22-rdf-syntax-ns#"
    xmlns:leap2="http://terms.leapspecs.org/"
    xmlns:categories="http://wiki.leapspecs.org/2A/categories/"
    xmlns:portfolio="https://eportfolio.u-pec.fr/export/leap/3610/1663853713/"
    xmlns:mahara="http://wiki.mahara.org/Developer_Area/Import%2F%2FExport/LEAP_Extensions#"
>
    <leap2:version>http://www.leapspecs.org/2010-07/2A/</leap2:version>
    <id>https://eportfolio.u-pec.fr/export/3610/1663853713</id>
    <title>Mahara Leap2A Export for Shems-Eddine SEDDOUGUI, 22/09/2022 15:35</title>
    <updated>2022-09-22T15:03:13+02:00</updated>
    <generator uri="https://mahara.org/" version="2008122400">Mahara</generator>
    <author>
        <name>Shems-Eddine SEDDOUGUI</name>
        <email>shems-eddine.seddougui@etu.u-pec.fr</email>
        <uri>portfolio:artefactinternal</uri>
    </author>

    <entry>
        <title>Profile page</title>
        <id>portfolio:view30969</id>

        <updated>2022-09-22T15:03:45+02:00</updated>
        <published>2022-09-22T14:02:32+02:00</published>

        <summary type="xhtml"><div xmlns="http://www.w3.org/1999/xhtml"><div>Your profile page is what others see when they click on your name or profile picture.</div></div></summary>

   <subtitle type="xhtml"><div xmlns="http://www.w3.org/1999/xhtml"><div></div></div></subtitle>
        <content type="xhtml"><div xmlns="http://www.w3.org/1999/xhtml"><div><div id="user_block_133056"><div class="bt-image gridstackblock card card-secondary clearfix" id="user_blockinstance_133056">
    
        <div class="block-header d-none">
    
        <a class="commentlink" href="#" title="">
        
            
                <span class="icon icon-plus" title="Commentaires et les détails"></span>
                Ajouter un commentaire
                <span class="bh-margin-left icon icon-search-plus"></span>
                Détails
            
        
        </a>
    
</div>

    
    
    
        
    

    <div class="no-heading block" id="user_blockinstance_133056_target">
        
        
            <div class="imageblock card-body">
    <div class="image">
        
        <a class="modal_link" href="#">
            <img rel="leap2:has_part" href="portfolio:artefact87131" alt="f2c247b86a4880187ef9b59e7b21b136.jpg" title="f2c247b86a4880187ef9b59e7b21b136.jpg" />
        </a>
        
    </div>

    
</div>

        
    </div>
</div>
</div><div id="user_block_132785"><div class="bt-profileinfo gridstackblock card card-secondary card-regular clearfix" id="user_blockinstance_132785">
    
    
    
        <h2 class="title card-header js-heading">
            

            <span class="collapse-inline">
                About me
                
            </span>

            

        </h2>
    

    <div class="block" id="user_blockinstance_132785_target">
        
        
            
    
    <div class="card-body flush">
    
    
    
        <p>I'm Shems SEDDOUGUI and I'm currently studying networks and telecommunications at a university in Paris. My formation lasts for 2 years. After that I want to become an engineer in cyber security.</p>
    
    
        <ul class="unstyled profile-info">
        
            <li><strong>Prénom:</strong> Shems-Eddine</li>
        
            <li><strong>Nom:</strong> SEDDOUGUI</li>
        
            <li><strong>Adresse de courriel:</strong> <a href="mailto:shems-eddine.seddougui@etu.u-pec.fr">shems-eddine.seddougui@etu.u-pec.fr</a></li>
        
            <li><strong>Ville:</strong> Paris</li>
        
            <li><strong>Pays:</strong> France</li>
        
            <li><strong>Téléphone mobile:</strong> +33782362115</li>
        
        </ul>
    
    
    
    
    </div>
    


        
    </div>
</div>
</div><div id="user_block_133064"><div class="bt-text gridstackblock card card-secondary clearfix" id="user_blockinstance_133064">
    
    
        <div class="block-header quick-edit d-none">
    <a class="modal_link list-group-heading" href="#" title="Édition rapide">
        <span class="icon icon-pencil-alt" title="Édition rapide"></span>
        Édition rapide
    </a>
</div>

    
    
        <h2 class="title card-header js-heading">
            

            <span class="collapse-inline">
                Diplômes obtenus
                
            </span>

            

        </h2>
    

    <div class="block" id="user_blockinstance_133064_target">
        
        
            

<div class="textblock card-body flush">
<p><strong>Baccalauréat Général - Mention AB</strong> - <em>Spécialité Mathématiques Expertes et Physique-Chimie</em></p>
</div>


        
    </div>
</div>
</div></div></div></content>
        <rdf:type rdf:resource="leap2:selection"/>

        <link rel="leap2:has_part" href="portfolio:artefact86783"/>
        <link rel="leap2:has_part" href="portfolio:artefact86784"/>
        <link rel="leap2:has_part" href="portfolio:artefact86895"/>
        <link rel="leap2:has_part" href="portfolio:artefact86902"/>
        <link rel="leap2:has_part" href="portfolio:artefact86949"/>
        <link rel="leap2:has_part" href="portfolio:artefact87131"/>


        <category term="Webpage" scheme="categories:selection_type#"/>





        <mahara:view mahara:newlayout="1" mahara:type="profile" mahara:ownerformat="6">
        
            
            <mahara:blockinstance mahara:blocktype="image" mahara:blocktitle="" mahara:positionx="0" mahara:positiony="0" mahara:height="32" mahara:width="6">
                
                    
                    <mahara:artefactid>[&quot;portfolio:artefact87131&quot;]</mahara:artefactid>
                    
                
                    
                    <mahara:showdescription>[false]</mahara:showdescription>
                    
                
                    
                    <mahara:width>[&quot;&quot;]</mahara:width>
                    
                
                    
                    <mahara:retractable>[0]</mahara:retractable>
                    
                
                    
                    <mahara:retractedonload>[0]</mahara:retractedonload>
                    
                
                
                
            </mahara:blockinstance>
            
            <mahara:blockinstance mahara:blocktype="profileinfo" mahara:blocktitle="About me" mahara:positionx="6" mahara:positiony="0" mahara:height="21" mahara:width="6">
                
                    
                    <mahara:fields>[[&quot;firstname&quot;,&quot;lastname&quot;,&quot;country&quot;,&quot;town&quot;,&quot;mobilenumber&quot;]]</mahara:fields>
                    
                
                    
                    <mahara:email>[&quot;shems-eddine.seddougui@etu.u-pec.fr&quot;]</mahara:email>
                    
                
                    
                    <mahara:introtext>[&quot;&lt;p&gt;I&#039;m Shems SEDDOUGUI and I&#039;m currently studying networks and telecommunications at a university in Paris. My formation lasts for 2 years. After that I want to become an engineer in cyber security.&lt;\/p&gt;&quot;]</mahara:introtext>
                    
                
                
                
            </mahara:blockinstance>
            
            <mahara:blockinstance mahara:blocktype="text" mahara:blocktitle="Diplômes obtenus" mahara:positionx="6" mahara:positiony="21" mahara:height="9" mahara:width="6">
                
                    
                    <mahara:text>[&quot;&lt;p&gt;&lt;strong&gt;Baccalaur&amp;eacute;at G&amp;eacute;n&amp;eacute;ral - Mention AB&lt;\/strong&gt;&amp;nbsp;- &lt;em&gt;Sp&amp;eacute;cialit&amp;eacute; Math&amp;eacute;matiques Expertes et Physique-Chimie&lt;\/em&gt;&lt;\/p&gt;&quot;]</mahara:text>
                    
                
                    
                    <mahara:instructions></mahara:instructions>
                    
                
                
                
            </mahara:blockinstance>
            
        
        </mahara:view>
    </entry>

    <entry>
        <title>Dashboard page</title>
        <id>portfolio:view30970</id>

        <updated>2022-09-22T14:02:19+02:00</updated>
        <published>2022-09-22T14:02:32+02:00</published>

        <summary type="xhtml"><div xmlns="http://www.w3.org/1999/xhtml"><div></div></div></summary>

   <subtitle type="xhtml"><div xmlns="http://www.w3.org/1999/xhtml"><div></div></div></subtitle>
        <content type="xhtml"><div xmlns="http://www.w3.org/1999/xhtml"><div><div id="user_block_132793"><div class="bt-newviews gridstackblock card card-secondary clearfix" id="user_blockinstance_132793">
    
    
    
        <h2 class="title card-header js-heading">
            

            <span class="collapse-inline">
                Portfolios partagés avec moi
                
            </span>

            

        </h2>
    

    <div class="block" id="user_blockinstance_132793_target">
        
        
            
<div class="card-body">
    <p class="lead text-small">Aucunes pages ni collections</p>
</div>


        
    </div>
</div>
</div><div id="user_block_132791"><div class="bt-inbox gridstackblock card card-secondary clearfix" id="user_blockinstance_132791">
    
    
    
        <h2 class="title card-header js-heading">
            

            <span class="collapse-inline">
                Boîte de réception
                
            </span>

            

        </h2>
    

    <div class="block" id="user_blockinstance_132791_target">
        
        
            
    <div id="user_inboxblock" class="inboxblock list-group">
        
        <div class="collapsible list-group-item flush-collapsible">
            
                <h3 class="title list-group-item-heading"><a class="collapsed link-block" href="#message_content_maharamessage_53433">
                    
                        <span class="icon icon-wrench text-default left"></span>
                    
                    <span class="sr-only">Messages système</span>
                    <span class="subject">Nouvelle demande d'ajout à la iste des contacts</span>
                    <span class="icon icon-chevron-down collapse-indicator float-right"></span>
                </a></h3>
            
            <div class="collapse" id="user_message_content_maharamessage_53433">
                
                    <p class="content-text">Hassan Boulouz vous demande de l'ajouter à votre liste de contacts. Vous pouvez accepter cette demande soit en cliquant sur le lien ci-dessous, soit en allant sur la page contenant la liste de vos contacts. La raison qui est accompagne cette demande est :<br />
    Veux-tu être mon ami ? </p>
                    
                        <a href="user/view.php?id=3623" class="text-small">
                            Demandes d'affiliation <span class="icon icon-arrow-right mls icon-sm"></span>
                        </a>
                    
                    
                
            </div>
        </div>
        
        <div class="collapsible list-group-item flush-collapsible">
            
                <h3 class="title list-group-item-heading"><a class="collapsed link-block" href="#message_content_maharamessage_53387">
                    
                        <span class="icon icon-wrench text-default left"></span>
                    
                    <span class="sr-only">Messages système</span>
                    <span class="subject">Demande de rejoindre la liste de contacts acceptée</span>
                    <span class="icon icon-chevron-down collapse-indicator float-right"></span>
                </a></h3>
            
            <div class="collapse" id="user_message_content_maharamessage_53387">
                
                    <p class="content-text">Arthur Paillot a accepté votre demande et a été ajouté à votre liste de contacts</p>
                    
                        <a href="user/view.php?id=3611" class="text-small">
                            Plus... <span class="icon icon-arrow-right mls icon-sm"></span>
                        </a>
                    
                    
                
            </div>
        </div>
        
        <div class="collapsible list-group-item flush-collapsible">
            
                <h3 class="title list-group-item-heading"><a class="collapsed link-block" href="#message_content_maharamessage_53333">
                    
                        <span class="icon icon-wrench text-default left"></span>
                    
                    <span class="sr-only">Messages système</span>
                    <span class="subject">Confirmation d'affiliation à une institution</span>
                    <span class="icon icon-chevron-down collapse-indicator float-right"></span>
                </a></h3>
            
            <div class="collapse" id="user_message_content_maharamessage_53333">
                
                    <p class="content-text">Vous êtes maintenant membre de UPEC.</p>
                    
                    
                
            </div>
        </div>
        
    </div>
    
    


        
    </div>
</div>
</div><div id="user_block_132790"><div class="bt-inbox gridstackblock card card-secondary clearfix" id="user_blockinstance_132790">
    
    
    
        <h2 class="title card-header js-heading">
            

            <span class="collapse-inline">
                Sujets que je suis
                
            </span>

            

        </h2>
    

    <div class="block" id="user_blockinstance_132790_target">
        
        
            
    <div class="card-body">
        <p class="lead text-small">Pas de messages</p>
    </div>


        
    </div>
</div>
</div><div id="user_block_132792"><div class="bt-myviews gridstackblock card card-secondary clearfix" id="user_blockinstance_132792">
    
    
    
        <h2 class="title card-header js-heading">
            

            <span class="collapse-inline">
                Mes portfolios
                
            </span>

            

        </h2>
    

    <div class="block" id="user_blockinstance_132792_target">
        
        
            
    <div class="list-group">
        <div id="user_myviewlist">
            
    <div class="list-group-item flush">
        <h3 class="title list-group-item-heading text-inline">
            <a href="https://eportfolio.u-pec.fr/view/view.php?id=31021">Découverte de Mahara</a>
        </h3>

        

        
        <div class="list-group-item-text text-small">
            Mes premiers pas sur Mahara
        </div>
        

        
    </div>

    <div class="list-group-item flush">
        <h3 class="title list-group-item-heading text-inline">
            <a href="https://eportfolio.u-pec.fr/view/view.php?id=31043">Untitled</a>
        </h3>

        

        

        
    </div>


        </div>
    
        <div id="user_myviews_page_container" class="d-none"><div id="user_myviews_pagination" class="pagination-wrapper center"><div class="lead text-small results float-right">2 résultats</div></div></div>
    
    
    
    
    </div>


        
    </div>
</div>
</div></div></div></content>
        <rdf:type rdf:resource="leap2:selection"/>



        <category term="Webpage" scheme="categories:selection_type#"/>





        <mahara:view mahara:newlayout="1" mahara:type="dashboard" mahara:ownerformat="6">
        
            
            <mahara:blockinstance mahara:blocktype="newviews" mahara:blocktitle="" mahara:positionx="0" mahara:positiony="0" mahara:height="9" mahara:width="6">
                
                    
                    <mahara:limit>[5]</mahara:limit>
                    
                
                    
                    <mahara:user>[1]</mahara:user>
                    
                
                    
                    <mahara:friend>[1]</mahara:friend>
                    
                
                    
                    <mahara:group>[1]</mahara:group>
                    
                
                
                
            </mahara:blockinstance>
            
            <mahara:blockinstance mahara:blocktype="inbox" mahara:blocktitle="" mahara:positionx="6" mahara:positiony="0" mahara:height="8" mahara:width="6">
                
                    
                    <mahara:feedback>[true]</mahara:feedback>
                    
                
                    
                    <mahara:groupmessage>[true]</mahara:groupmessage>
                    
                
                    
                    <mahara:institutionmessage>[true]</mahara:institutionmessage>
                    
                
                    
                    <mahara:maharamessage>[true]</mahara:maharamessage>
                    
                
                    
                    <mahara:usermessage>[true]</mahara:usermessage>
                    
                
                    
                    <mahara:viewaccess>[true]</mahara:viewaccess>
                    
                
                    
                    <mahara:watchlist>[true]</mahara:watchlist>
                    
                
                    
                    <mahara:maxitems>[&quot;5&quot;]</mahara:maxitems>
                    
                
                    
                    <mahara:wallpost>[true]</mahara:wallpost>
                    
                
                
                
            </mahara:blockinstance>
            
            <mahara:blockinstance mahara:blocktype="inbox" mahara:blocktitle="" mahara:positionx="6" mahara:positiony="8" mahara:height="9" mahara:width="6">
                
                    
                    <mahara:newpost>[true]</mahara:newpost>
                    
                
                    
                    <mahara:maxitems>[&quot;5&quot;]</mahara:maxitems>
                    
                
                
                
            </mahara:blockinstance>
            
            <mahara:blockinstance mahara:blocktype="myviews" mahara:blocktitle="" mahara:positionx="0" mahara:positiony="9" mahara:height="5" mahara:width="6">
                
                
                
            </mahara:blockinstance>
            
        
        </mahara:view>
    </entry>

    <entry>
        <title>Découverte de Mahara</title>
        <id>portfolio:view31021</id>

        <updated>2022-09-22T14:02:20+02:00</updated>
        <published>2022-09-22T14:02:20+02:00</published>

        <summary type="xhtml"><div xmlns="http://www.w3.org/1999/xhtml"><div>Mes premiers pas sur Mahara</div></div></summary>

   <subtitle type="xhtml"><div xmlns="http://www.w3.org/1999/xhtml"><div></div></div></subtitle>
        <content type="xhtml"><div xmlns="http://www.w3.org/1999/xhtml"><div><div id="user_block_133007"><div class="bt-image gridstackblock card card-secondary clearfix" id="user_blockinstance_133007">
    
        <div class="block-header d-none">
    
        <a class="commentlink" href="#" title="">
        
            
                <span class="icon icon-plus" title="Commentaires et les détails"></span>
                Ajouter un commentaire
                <span class="bh-margin-left icon icon-search-plus"></span>
                Détails
            
        
        </a>
    
</div>

    
    
    
        <h2 class="title card-header js-heading">
            

            <span class="collapse-inline">
                Mahara
                
            </span>

            

        </h2>
    

    <div class="block" id="user_blockinstance_133007_target">
        
        
            <div class="imageblock card-body">
    <div class="image">
        
        <a class="modal_link" href="#">
            <img rel="leap2:has_part" href="portfolio:artefact87092" alt="2560px-Mahara_logo.svg.png" title="2560px-Mahara_logo.svg.png" />
        </a>
        
    </div>

    
</div>

        
    </div>
</div>
</div><div id="user_block_132991"><div class="bt-text gridstackblock card card-secondary clearfix" id="user_blockinstance_132991">
    
    
        <div class="block-header quick-edit d-none">
    <a class="modal_link list-group-heading" href="#" title="Édition rapide">
        <span class="icon icon-pencil-alt" title="Édition rapide"></span>
        Édition rapide
    </a>
</div>

    
    
        <h2 class="title card-header js-heading">
            

            <span class="collapse-inline">
                Application Mahara
                
            </span>

            

        </h2>
    

    <div class="block" id="user_blockinstance_132991_target">
        
        
            

<div class="textblock card-body flush">
<p>Mahara est une application web open source de ePortfolio et de réseautage social. Il fournit aux utilisateurs des outils de création et de maintenance de ePortfolio pour leur apprentissage et des fonctions de réseautage social pour leur permettre d’interagir avec d'autres utilisateurs.</p>
</div>


        
    </div>
</div>
</div></div></div></content>
        <rdf:type rdf:resource="leap2:selection"/>

        <link rel="leap2:has_part" href="portfolio:artefact87092"/>


        <category term="Webpage" scheme="categories:selection_type#"/>





        <mahara:view mahara:newlayout="1" mahara:type="portfolio" mahara:ownerformat="6">
        
            
            <mahara:blockinstance mahara:blocktype="image" mahara:blocktitle="Mahara" mahara:positionx="0" mahara:positiony="0" mahara:height="16" mahara:width="4">
                
                    
                    <mahara:artefactid>[&quot;portfolio:artefact87092&quot;]</mahara:artefactid>
                    
                
                    
                    <mahara:showdescription>[false]</mahara:showdescription>
                    
                
                    
                    <mahara:width>[&quot;&quot;]</mahara:width>
                    
                
                    
                    <mahara:retractable>[0]</mahara:retractable>
                    
                
                    
                    <mahara:retractedonload>[0]</mahara:retractedonload>
                    
                
                
                
            </mahara:blockinstance>
            
            <mahara:blockinstance mahara:blocktype="text" mahara:blocktitle="Application Mahara" mahara:positionx="4" mahara:positiony="0" mahara:height="16" mahara:width="5">
                
                    
                    <mahara:text>[&quot;&lt;p&gt;Mahara est une application web open source de ePortfolio et de r&amp;eacute;seautage social. Il fournit aux utilisateurs des outils de cr&amp;eacute;ation et de maintenance de ePortfolio pour leur apprentissage et des fonctions de r&amp;eacute;seautage social pour leur permettre d&amp;rsquo;interagir avec d&#039;autres utilisateurs.&lt;\/p&gt;&quot;]</mahara:text>
                    
                
                    
                    <mahara:instructions></mahara:instructions>
                    
                
                
                
            </mahara:blockinstance>
            
        
        </mahara:view>
    </entry>

    <entry>
        <title>Untitled</title>
        <id>portfolio:view31043</id>

        <updated>2022-09-22T15:03:28+02:00</updated>
        <published>2022-09-22T15:03:28+02:00</published>

        <summary type="xhtml"><div xmlns="http://www.w3.org/1999/xhtml"><div></div></div></summary>

   <subtitle type="xhtml"><div xmlns="http://www.w3.org/1999/xhtml"><div></div></div></subtitle>
        <content type="xhtml"><div xmlns="http://www.w3.org/1999/xhtml"><div></div></div></content>
        <rdf:type rdf:resource="leap2:selection"/>



        <category term="Webpage" scheme="categories:selection_type#"/>





        <mahara:view mahara:newlayout="1" mahara:type="portfolio" mahara:ownerformat="6">
        
            
        
        </mahara:view>
    </entry>

    <entry>
        <title>Journal de Shems-Eddine Seddougui</title>
        <id>portfolio:artefact86787</id>

        <updated>2022-09-22T14:02:32+02:00</updated>
        <published>2022-09-22T14:02:32+02:00</published>




        <content type="xhtml"><div xmlns="http://www.w3.org/1999/xhtml"><div></div></div></content>
        <rdf:type rdf:resource="leap2:selection"/>
        <mahara:artefactplugin mahara:type="blog" mahara:plugin="blog"/>


        <category term="Blog" scheme="categories:selection_type#"/>




    </entry>


    <entry>
        <title>Images de couverture</title>
        <id>portfolio:artefact87022</id>

        <updated>2022-09-22T14:02:20+02:00</updated>
        <published>2022-09-22T14:02:20+02:00</published>




        <content></content>
        <rdf:type rdf:resource="leap2:selection"/>
        <mahara:artefactplugin mahara:type="folder" mahara:plugin="file"/>


        <category term="Folder" scheme="categories:selection_type#"/>




    </entry>


    <entry>
        <title>photos-oui-oui-1.jpg</title>
        <id>portfolio:artefact87057</id>

        <updated>2022-09-22T14:02:45+02:00</updated>
        <published>2022-09-22T14:02:45+02:00</published>




        <content type="xhtml"><div xmlns="http://www.w3.org/1999/xhtml"><div></div></div></content>
        <rdf:type rdf:resource="leap2:resource"/>
        <mahara:artefactplugin mahara:type="image" mahara:plugin="file"/>
        <link rel="enclosure" type="image/jpeg" href="export_info/files/87057-photos-oui-oui-1.jpg"/>


        <category term="Offline" scheme="categories:resource_type#" label="File"/>




    </entry>


    <entry>
        <title>photos-oui-oui-1.jpg.1</title>
        <id>portfolio:artefact87065</id>

        <updated>2022-09-22T14:02:36+02:00</updated>
        <published>2022-09-22T14:02:36+02:00</published>




        <content type="xhtml"><div xmlns="http://www.w3.org/1999/xhtml"><div></div></div></content>
        <rdf:type rdf:resource="leap2:resource"/>
        <mahara:artefactplugin mahara:type="image" mahara:plugin="file"/>
        <link rel="enclosure" type="image/jpeg" href="export_info/files/87065-photos-oui-oui-1.jpg.1"/>


        <category term="Offline" scheme="categories:resource_type#" label="File"/>




    </entry>


    <entry>
        <title>mahara.png</title>
        <id>portfolio:artefact87088</id>

        <updated>2022-09-22T14:02:56+02:00</updated>
        <published>2022-09-22T14:02:56+02:00</published>




        <content type="xhtml"><div xmlns="http://www.w3.org/1999/xhtml"><div></div></div></content>
        <rdf:type rdf:resource="leap2:resource"/>
        <mahara:artefactplugin mahara:type="image" mahara:plugin="file"/>
        <link rel="enclosure" type="image/png" href="export_info/files/87088-mahara.png"/>


        <category term="Offline" scheme="categories:resource_type#" label="File"/>




    </entry>


    <entry>
        <title>2560px-Mahara_logo.svg.png</title>
        <id>portfolio:artefact87092</id>

        <updated>2022-09-22T14:02:19+02:00</updated>
        <published>2022-09-22T14:02:19+02:00</published>




        <content type="xhtml"><div xmlns="http://www.w3.org/1999/xhtml"><div></div></div></content>
        <rdf:type rdf:resource="leap2:resource"/>
        <mahara:artefactplugin mahara:type="image" mahara:plugin="file"/>
        <link rel="enclosure" type="image/png" href="export_info/files/87092-2560px-Mahara_logo.svg.png"/>
        <link rel="leap2:is_part_of" href="portfolio:view31021"/>


        <category term="Offline" scheme="categories:resource_type#" label="File"/>




    </entry>


    <entry>
        <title>f2c247b86a4880187ef9b59e7b21b136.jpg</title>
        <id>portfolio:artefact87131</id>

        <updated>2022-09-22T15:03:55+02:00</updated>
        <published>2022-09-22T15:03:55+02:00</published>




        <content type="xhtml"><div xmlns="http://www.w3.org/1999/xhtml"><div></div></div></content>
        <rdf:type rdf:resource="leap2:resource"/>
        <mahara:artefactplugin mahara:type="image" mahara:plugin="file"/>
        <link rel="enclosure" type="image/jpeg" href="export_info/files/87131-f2c247b86a4880187ef9b59e7b21b136.jpg"/>
        <link rel="leap2:is_part_of" href="portfolio:view30969"/>


        <category term="Offline" scheme="categories:resource_type#" label="File"/>




    </entry>


    <entry>
        <title>Shems SEDDOUGUI</title>
        <id>portfolio:artefactinternal</id>

        <updated>2022-09-22T14:02:27+02:00</updated>





        <content type="html"></content>
        <rdf:type rdf:resource="leap2:person"/>
        <mahara:artefactplugin mahara:type="internal" mahara:plugin="internal"/>


        <category term="Self" scheme="categories:person_type#"/>






        <leap2:persondata
            mahara:artefactplugin="internal"
            mahara:artefacttype="email"

            leap2:field="email"

            leap2:label="Adresse de courriel"

        >shems-eddine.seddougui@etu.u-pec.fr</leap2:persondata>

        <leap2:persondata
            mahara:artefactplugin="internal"
            mahara:artefacttype="email"

            leap2:field="email"

            leap2:label="Adresse de courriel"

        >contactses@yandex.com</leap2:persondata>

        <leap2:persondata
            mahara:artefactplugin="internal"
            mahara:artefacttype="firstname"

            leap2:field="legal_given_name"

            leap2:label="Prénom"

        >Shems-Eddine</leap2:persondata>

        <leap2:persondata
            mahara:artefactplugin="internal"
            mahara:artefacttype="lastname"

            leap2:field="legal_family_name"

            leap2:label="Nom"

        >SEDDOUGUI</leap2:persondata>

        <leap2:persondata
            mahara:artefactplugin="internal"
            mahara:artefacttype="mobilenumber"

            leap2:field="mobile"

            leap2:label="Téléphone mobile"

        >+33782362115</leap2:persondata>

        <leap2:persondata
            mahara:artefactplugin="internal"
            mahara:artefacttype="preferredname"

            leap2:field="preferred_given_name"

            leap2:label="Nom préféré"

        >Shems SEDDOUGUI</leap2:persondata>

        <leap2:persondata
            mahara:artefactplugin="internal"
            mahara:artefacttype="studentid"

            leap2:field="other"

            leap2:label="Identifiant étudiant"

        >u32207277</leap2:persondata>


        <leap2:spatial>

            <leap2:addressline mahara:artefacttype="city">Île de France</leap2:addressline>

            <leap2:country mahara:artefacttype="country" leap2:countrycode="fra">France</leap2:country>

            <leap2:addressline mahara:artefacttype="town">Paris</leap2:addressline>

        </leap2:spatial>

    </entry>

</feed>
